Description,True,Predicted,Preview
Niagara Falls showing powerful natural waterfalls,USA,Canada,Niagara Falls showing powerful natural waterfalls...
This scene feels very calming; always wants to hike there and see the beautiful nature.,Japan,Italy,This scene feels very calming; always wants to hike there and see the beautiful nature....
exciting historic place,Italy,USA,exciting historic place...
Holy site,Palestine,Saudi Arabia,Holy site...
"Concept image of a futuristic esports and gaming arena in Saudi Arabia, with colorful lights and a modern design that feels like a real-life gaming hub.",Saudi Arabia,United Arab Emirates,"Concept image of a futuristic esports and gaming arena in Saudi Arabia, with colorful lights and a modern design that feels like a real-life gaming hu..."
A scenic view of a hotel resort with an inviting pool (or coastal?resort vibe) and tranquil surroundings Ñ nice for a relaxing vacation.,Canada,Italy,A scenic view of a hotel resort with an inviting pool (or coastal?resort vibe) and tranquil surroundings Ñ nice for a relaxing vacation....
"Main entrance door of Al?Aqsa Mosque, showing historic Islamic architecture.",Palestine,Saudi Arabia,"Main entrance door of Al?Aqsa Mosque, showing historic Islamic architecture...."
A golden sandy beach with turquoise waters and lush green hills under bright sunny skies.,USA,Maldives,A golden sandy beach with turquoise waters and lush green hills under bright sunny skies....
"A coastal cityscape with beaches, modern buildings, and lively crowds enjoying sunlight.",Spain,Italy,"A coastal cityscape with beaches, modern buildings, and lively crowds enjoying sunlight...."
The iconic golden dome and intricate blue tile work of the mosque,Palestine,Saudi Arabia,The iconic golden dome and intricate blue tile work of the mosque...
"Pillar-like mountains, inspiration for “Avatar” movie",China,Japan,"Pillar-like mountains, inspiration for “Avatar” movie..."
"A bright coastal view of Waikiki Beach with turquoise water, golden sand, and the Diamond Head crater in the background, chosen for its lively atmosphere and beautiful ocean scenery.",USA,Maldives,"A bright coastal view of Waikiki Beach with turquoise water, golden sand, and the Diamond Head crater in the background, chosen for its lively atmosph..."
"A peaceful mountain area with green valleys, chosen because it gives a relaxing feeling.",Italy,Switzerland,"A peaceful mountain area with green valleys, chosen because it gives a relaxing feeling...."
"The sunset colors, the city below and hiking to ride teleferik make this scene feel exciting and full of adventure.",Brazil,Iceland,"The sunset colors, the city below and hiking to ride teleferik make this scene feel exciting and full of adventure...."
A clear view of the Burj Al Arab rising beside the calm sea showing modern design and a beautiful coastal scene,United Arab Emirates,Saudi Arabia,A clear view of the Burj Al Arab rising beside the calm sea showing modern design and a beautiful coastal scene...
Casa Batllo,Spain,Italy,Casa Batllo...
