Description,True_Country,Predicted_Country,Description_Preview
"This image shows the calm, bright-blue waters of the Dead Sea in Jericho, Palestine. I chose this place because I have visited it, and the unique landscapes creates a peaceful and unforgettable atmosphere. The scene captures the natural beauty and serenity that make the Dead Sea one of the most remarkable spots in the region.",Palestine,Turkey,"This image shows the calm, bright-blue waters of the Dead Sea in Jericho, Palestine. I chose this place because I have visited it, and the unique landscapes creates a peaceful and unforgettable atmosp..."
Niagara Falls showing powerful natural waterfalls,USA,Canada,Niagara Falls showing powerful natural waterfalls...
Sea of Stars — the perfect beach with glowing blue bioluminescent waves.,Maldives,Greece,Sea of Stars — the perfect beach with glowing blue bioluminescent waves....
https://www.egypttoursportal.com/images/2017/11/Cairo-City-Egypt-Tours-Portal-1-e1511901150793.jpg,Egypt,Brazil,https://www.egypttoursportal.com/images/2017/11/Cairo-City-Egypt-Tours-Portal-1-e1511901150793.jpg...
"Colorful cliffside towns of Italy’s southern Amalfi coast. I chose it because it captures the essence of the warm, rich Mediterranean culture.",Italy,USA,"Colorful cliffside towns of Italy’s southern Amalfi coast. I chose it because it captures the essence of the warm, rich Mediterranean culture...."
exciting historic place,Italy,Spain,exciting historic place...
Holy site,Palestine,Saudi Arabia,Holy site...
I chose Greece because I would love to explore its historical landmarks and enjoy its stunning natural scenery.,Greece,Turkey,I chose Greece because I would love to explore its historical landmarks and enjoy its stunning natural scenery....
"Concept image of a futuristic esports and gaming arena in Saudi Arabia, with colorful lights and a modern design that feels like a real-life gaming hub.",Saudi Arabia,Japan,"Concept image of a futuristic esports and gaming arena in Saudi Arabia, with colorful lights and a modern design that feels like a real-life gaming hub...."
A scenic view of a hotel resort with an inviting pool (or coastal?resort vibe) and tranquil surroundings Ñ nice for a relaxing vacation.,Canada,Italy,A scenic view of a hotel resort with an inviting pool (or coastal?resort vibe) and tranquil surroundings Ñ nice for a relaxing vacation....
The Empire State Building and NYC skyline bathed in golden sunset light.,USA,Spain,The Empire State Building and NYC skyline bathed in golden sunset light....
A golden sandy beach with turquoise waters and lush green hills under bright sunny skies.,USA,Indonesia,A golden sandy beach with turquoise waters and lush green hills under bright sunny skies....
"A coastal cityscape with beaches, modern buildings, and lively crowds enjoying sunlight.",Spain,Brazil,"A coastal cityscape with beaches, modern buildings, and lively crowds enjoying sunlight...."
"""A colorful view of Reykjavik with snowy mountains in the background, creating a bright winter scene.""",Iceland,Switzerland,"""A colorful view of Reykjavik with snowy mountains in the background, creating a bright winter scene.""..."
The green nature of Lucerne city and the traditional buildings.,Switzerland,Japan,The green nature of Lucerne city and the traditional buildings....
"A bright coastal view of Waikiki Beach with turquoise water, golden sand, and the Diamond Head crater in the background, chosen for its lively atmosphere and beautiful ocean scenery.",USA,Italy,"A bright coastal view of Waikiki Beach with turquoise water, golden sand, and the Diamond Head crater in the background, chosen for its lively atmosphere and beautiful ocean scenery...."
The photo captures the iconic quartzite sandstone pillars of Zhangjiajie National Forest Park in Wulingyuan China often called the real life Avatar Mountains It represents mythical and awe inspiring beauty shown in the contrast between the towering rock formations and the vibrant greenery The cloudy atmosphere adds a sense of mystery and adventure making the landscape feel powerful and untouched,China,Iceland,The photo captures the iconic quartzite sandstone pillars of Zhangjiajie National Forest Park in Wulingyuan China often called the real life Avatar Mountains It represents mythical and awe inspiring b...
"A peaceful mountain area with green valleys, chosen because it gives a relaxing feeling.",Italy,Japan,"A peaceful mountain area with green valleys, chosen because it gives a relaxing feeling...."
"Kirkjufell mountain and the nearby water in Iceland, with soft light and dramatic clouds that make it look like a fantasy landscape.",Iceland,Italy,"Kirkjufell mountain and the nearby water in Iceland, with soft light and dramatic clouds that make it look like a fantasy landscape...."
"The sunset colors, the city below and hiking to ride teleferik make this scene feel exciting and full of adventure.",Brazil,Japan,"The sunset colors, the city below and hiking to ride teleferik make this scene feel exciting and full of adventure...."
A clear view of the Burj Al Arab rising beside the calm sea showing modern design and a beautiful coastal scene,United Arab Emirates,Japan,A clear view of the Burj Al Arab rising beside the calm sea showing modern design and a beautiful coastal scene...
"A peaceful desert highway in Texas leading toward rugged, sunlit mountains. The warm evening light casts dramatic shadows across the rocky landscape, capturing the quiet beauty of the American Southwest.",USA,Egypt,"A peaceful desert highway in Texas leading toward rugged, sunlit mountains. The warm evening light casts dramatic shadows across the rocky landscape, capturing the quiet beauty of the American Southwe..."
Casa Batllo,Spain,Japan,Casa Batllo...
"A night view of Shanghai’s skyline with colorful lights, featuring the bright pink Oriental Pearl Tower beside modern skyscrapers.",China,United Arab Emirates,"A night view of Shanghai’s skyline with colorful lights, featuring the bright pink Oriental Pearl Tower beside modern skyscrapers...."
